Domain,Status,Attractiveness,Demand,Length,Sectors,Created,Expires,Registrar
brief.glass,available,124,19%,5,"Business,Education,General,Law",,,
complete.glass,available,120,21%,8,"Manufacturing,Retail,Technology",,,
second.glass,available,120,23%,6,"General,Mathematics",,,
tenth.glass,available,116,7%,5,Mathematics,,,
flat.glass,expired,116,24%,4,"Construction,Real Estate",24/06/2020 04:02,24/06/2025 04:02,"GoDaddy.com, LLC"
equal.glass,available,116,19%,5,"Education,General,Law",,,
tonic.glass,available,114,22%,5,"Health and Fitness,Medicine,Science",,,
hotshot.glass,available,112,14%,7,"Business,Entertainment,Sports",,,
acute.glass,available,112,9%,5,"Mathematics,Medicine,Science",,,
above.glass,available,112,22%,5,Business,,,
abiding.glass,available,106,5%,7,"General,Religion",,,
expert.glass,available,104,26%,6,"Business,Education,Technology",,,
teen.glass,available,104,14%,4,"Education,Entertainment,Healthcare",,,
active.glass,available,104,27%,6,"Health and Fitness,Sports,Travel",,,
absent.glass,available,102,8%,6,"Business,Education,Technology",,,
captive.glass,available,102,14%,7,"Entertainment,Hospitality,Technology",,,
eight.glass,available,102,23%,5,"General,Mathematics",,,
sixth.glass,available,100,8%,5,Mathematics,,,
whiz.glass,available,100,12%,4,"Business,Education,Technology",,,
crack.glass,available,100,20%,5,Sports,,,
abrupt.glass,available,100,3%,6,"Medicine,Science",,,
ninth.glass,available,100,9%,5,Mathematics,,,
adjunct.glass,available,100,5%,7,Education,,,
third.glass,available,100,16%,5,Mathematics,,,
eighth.glass,available,100,6%,6,Mathematics,,,
remove.glass,available,100,13%,6,"Construction,Manufacturing,Technology",,,
whizz.glass,available,98,11%,5,"Business,Education,Technology",,,
genius.glass,available,98,46%,6,"Arts,Education,Technology",,,
doable.glass,available,96,9%,6,"Business,Education,Technology",,,
actual.glass,available,96,22%,6,"Real Estate,Retail,Technology",,,
alamode.glass,available,96,12%,9,Fashion,,,
forgiving.glass,available,96,3%,9,"Healthcare,Religion",,,
academic.glass,available,96,20%,8,"Education,Humanities,Science",,,
abject.glass,available,94,7%,6,Humanities,,,
around.glass,available,94,22%,6,"Business,General,Media,Technology",,,
adequate.glass,available,94,9%,8,"Education,Healthcare,Technology",,,
virtuoso.glass,available,94,16%,8,"Arts,Entertainment",,,
about.glass,available,94,28%,5,"Business,General,Media,Technology",,,
abroad.glass,available,92,12%,6,"Hospitality,Travel",,,
nought.glass,available,92,4%,6,Mathematics,,,
exemplary.glass,available,92,5%,9,"Business,Education,Healthcare",,,
adjective.glass,available,92,5%,9,Education,,,
next.glass,available,92,43%,4,"Retail,Technology,Transportation",,,
derelict.glass,available,92,7%,8,"Construction,Real Estate",,,
adept.glass,available,92,24%,5,"Education,Health and Fitness,Sports",,,
neutral.glass,available,92,20%,7,"Business,Media,Politics",,,
twentieth.glass,available,92,3%,9,Mathematics,,,
riveting.glass,available,90,6%,8,"Entertainment,Media,Technology",,,
abortive.glass,available,90,1%,8,"Medicine,Science",,,
addictive.glass,available,90,9%,9,Healthcare,,,
gripping.glass,available,90,3%,8,"Entertainment,Media,Technology",,,
endearing.glass,available,90,1%,9,"Entertainment,Fashion,Retail",,,
adoring.glass,available,90,2%,7,"Entertainment,Fashion,Retail",,,
leash.glass,available,90,7%,5,"General,Health and Fitness,Retail",,,
additional.glass,available,90,8%,10,"Fashion,Retail,Technology",,,
adlib.glass,available,88,7%,6,Entertainment,,,
actionable.glass,available,88,13%,10,"Business,Law",,,
twelve.glass,available,88,18%,6,"General,Mathematics",,,
eleven.glass,available,88,33%,6,Mathematics,,,
ace.glass,available,88,34%,3,Sports,,,
fifteen.glass,available,88,13%,7,Mathematics,,,
wide.glass,available,88,18%,4,"Business,Media,Technology",,,
hundred.glass,available,88,14%,7,Mathematics,,,
proficient.glass,available,88,8%,10,"Education,Health and Fitness,Sports",,,
activist.glass,available,88,12%,8,"Humanities,Politics",,,
sixteen.glass,available,88,11%,7,Mathematics,,,
three.glass,available,88,24%,5,Mathematics,,,
attendant.glass,available,86,5%,9,"Healthcare,Hospitality,Transportation",,,
recondite.glass,available,86,4%,9,"Arts,Humanities,Science",,,
extempore.glass,available,86,3%,9,Entertainment,,,
adolescent.glass,available,86,3%,10,"Education,Entertainment,Healthcare",,,
engrossing.glass,available,86,0%,10,"Entertainment,Media,Technology",,,
star.glass,available,86,40%,4,"Entertainment,Media,Sports",,,
cipher.glass,available,86,29%,6,Mathematics,,,
xiv.glass,available,86,12%,3,Mathematics,,,
intent.glass,available,86,25%,6,"Business,Education,Technology",,,
aboriginal.glass,available,86,10%,10,Humanities,,,
xix.glass,available,86,11%,3,Mathematics,,,
accessory.glass,available,84,8%,9,"Fashion,Retail,Technology",,,
nineteen.glass,available,84,8%,8,Mathematics,,,
thousand.glass,available,84,8%,8,Mathematics,,,
adjustable.glass,available,84,3%,10,"Manufacturing,Retail,Technology",,,
seventeen.glass,available,84,7%,9,Mathematics,,,
acting.glass,available,84,12%,6,Entertainment,,,
thirteen.glass,available,84,10%,8,Mathematics,,,
twentyone.glass,available,84,13%,10,Mathematics,,,
fourteen.glass,available,84,8%,8,Mathematics,,,
deviate.glass,available,84,12%,7,"Medicine,Science",,,
twentytwo.glass,available,84,11%,10,Mathematics,,,
fivesome.glass,available,82,1%,8,Sports,,,
abkhaz.glass,available,82,1%,6,Geography,,,
dozen.glass,available,82,10%,5,Mathematics,,,
altered.glass,available,82,9%,7,"Medicine,Science",,,
decade.glass,available,82,10%,6,Mathematics,,,
abdominal.glass,available,82,1%,9,"Health and Fitness,Medicine",,,
abroach.glass,available,82,1%,7,Food and Beverage,,,
good.glass,resell,82,47%,4,"Food and Beverage,General,Health and Fitness,Retail",20/10/2024 15:15,20/10/2025 15:15,"Global Domains International, Inc. DBA DomainCostClub.com"
absorbent.glass,available,82,3%,9,"Healthcare,Manufacturing,Retail",,,
impromptu.glass,available,82,16%,9,Entertainment,,,
enduring.glass,available,82,9%,8,"Health and Fitness,Religion",,,
abenaki.glass,available,82,2%,7,Geography,,,
cleansing.glass,available,82,3%,9,Health and Fitness,,,
two.glass,available,80,24%,3,Mathematics,,,
superstar.glass,available,80,18%,9,Entertainment,,,
sequent.glass,available,80,7%,7,"Healthcare,Insurance,Transportation",,,
absurd.glass,available,80,16%,6,"Arts,Entertainment,Media",,,
nine.glass,available,80,24%,4,"General,Mathematics",,,
absorbable.glass,available,80,0%,10,"Healthcare,Pharmaceuticals,Science",,,
twenty.glass,available,80,12%,6,Mathematics,,,
yard.glass,available,80,26%,4,"Construction,General",,,
worshipful.glass,available,80,1%,10,"Education,Healthcare,Religion",,,
abundant.glass,available,80,19%,8,"Agriculture,Manufacturing,Retail",,,
seventh.glass,available,80,10%,7,Mathematics,,,
adoptable.glass,available,80,3%,9,"Education,Healthcare",,,
forty.glass,available,80,9%,5,Mathematics,,,
capable.glass,available,80,12%,7,"Business,Education,Technology",,,
dorsal.glass,available,80,6%,6,"Medicine,Science",,,
able.glass,available,80,29%,4,"Business,Education,General,Technology",,,
trio.glass,available,80,21%,4,Entertainment,,,
wiz.glass,available,80,30%,3,"Business,Education,Technology",,,
sixtynine.glass,available,78,8%,10,Mathematics,,,
accepted.glass,available,78,6%,8,"Business,Education,Technology",,,
recognized.glass,available,78,3%,10,"Business,Education,Technology",,,
absorptive.glass,available,78,1%,10,"Healthcare,Manufacturing,Retail",,,
accessible.glass,available,78,21%,10,"Healthcare,Retail,Technology",,,
low.glass,available,78,20%,3,"Business,Finance",,,
recognised.glass,available,78,3%,10,"Business,Education,Technology",,,
abkhazian.glass,available,78,1%,9,Geography,,,
acceptable.glass,available,78,5%,10,"Business,Hospitality,Retail",,,
abounding.glass,available,78,2%,9,Agriculture,,,
dormant.glass,available,78,4%,7,"Medicine,Science",,,
acceptant.glass,available,78,1%,9,"Education,Healthcare",,,
twentysix.glass,available,78,8%,10,Mathematics,,,
accidental.glass,available,78,11%,10,"Healthcare,Insurance,Transportation",,,
honestly.glass,available,78,9%,8,"Business,Law",,,
adrenal.glass,available,78,4%,7,"Education,Healthcare,Science",,,
abkhasian.glass,available,78,1%,9,Geography,,,
athletic.glass,available,78,15%,8,"Health and Fitness,Sports",,,
adjacent.glass,available,78,9%,8,"Construction,Real Estate,Retail",,,
adorable.glass,available,78,8%,8,"Entertainment,Fashion,Retail",,,
thirteenth.glass,available,76,4%,10,Mathematics,,,
adaptable.glass,available,76,9%,9,"Business,Education,Technology",,,
auxiliary.glass,available,76,7%,9,"Healthcare,Manufacturing,Technology",,,
diamond.glass,available,76,32%,7,Fashion,,,
threed.glass,available,76,7%,7,Technology,,,
thousandth.glass,available,76,1%,10,Mathematics,,,
energizing.glass,available,76,3%,10,"Food and Beverage,Health and Fitness,Travel",,,
incidental.glass,available,76,4%,10,"Healthcare,Insurance,Transportation",,,
adhesive.glass,available,76,7%,8,"Construction,Manufacturing,Technology",,,
abrasive.glass,available,76,6%,8,"Construction,Manufacturing",,,
addable.glass,available,76,2%,7,"Engineering,Mathematics,Science",,,
obscene.glass,available,76,5%,7,"Entertainment,Media",,,
nineteenth.glass,available,76,3%,10,Mathematics,,,
eighteen.glass,available,76,7%,8,Mathematics,,,
ancillary.glass,available,76,6%,9,"Healthcare,Manufacturing,Technology",,,
firstrate.glass,available,76,6%,10,Business,,,
hundredth.glass,available,76,1%,9,Mathematics,,,
resultant.glass,available,76,2%,9,"Healthcare,Insurance,Transportation",,,
ague.glass,available,76,2%,4,"Geography,Medicine,Science",,,
fifteenth.glass,available,76,2%,9,Mathematics,,,
improvise.glass,available,76,4%,9,Entertainment,,,
adherent.glass,available,76,4%,8,"Politics,Religion",,,
fourteenth.glass,available,76,1%,10,Mathematics,,,
ventral.glass,available,76,3%,7,Science,,,
adipose.glass,available,76,2%,7,"Healthcare,Science",,,
adaptive.glass,available,76,28%,8,"Business,Education,Technology",,,
cleared.glass,available,74,7%,7,"Healthcare,Law,Transportation",,,
realizable.glass,available,74,1%,10,"Business,Education,Technology",,,
acuate.glass,available,74,2%,6,"Engineering,Medicine,Science",,,
adrenergic.glass,available,74,1%,10,"Education,Healthcare,Science",,,
adamant.glass,available,74,14%,7,Religion,,,
abnormal.glass,available,74,16%,8,"Medicine,Science",,,
skilful.glass,available,74,3%,7,"Education,Health and Fitness,Sports",,,
aberrant.glass,available,74,6%,8,"Medicine,Science",,,
manageable.glass,available,74,4%,10,"Business,Education,Technology",,,
adenoid.glass,available,74,1%,7,"Health and Fitness,Medicine,Science",,,
playing.glass,available,74,12%,7,Entertainment,,,
adapted.glass,available,74,6%,7,"Healthcare,Manufacturing,Technology",,,
admirable.glass,available,74,5%,9,"Business,Education,Healthcare",,,
mavin.glass,available,74,7%,5,"Entertainment,Fashion,Technology",,,
activated.glass,available,74,9%,9,"Healthcare,Manufacturing,Technology",,,
accepting.glass,available,74,3%,9,"Education,Healthcare",,,
sensation.glass,available,74,7%,9,"Entertainment,Media,Sports",,,
achievable.glass,available,74,4%,10,"Business,Education,Technology",,,
supra.glass,available,74,25%,5,"Medicine,Science",,,
broad.glass,available,74,13%,5,"Entertainment,General,Media",,,
single.glass,available,74,19%,6,Sports,,,
ternary.glass,available,72,7%,7,Mathematics,,,
engrossed.glass,available,72,1%,9,"Entertainment,Media,Technology",,,
adjectival.glass,available,72,1%,10,Education,,,
eightieth.glass,available,72,1%,9,Mathematics,,,
abreast.glass,available,72,2%,7,"Business,Technology",,,
adjunctive.glass,available,72,1%,10,"Healthcare,Manufacturing,Technology",,,
sixtieth.glass,available,72,1%,8,Mathematics,,,
abloom.glass,available,72,5%,6,Agriculture,,,
existent.glass,available,72,3%,8,"Mathematics,Science",,,
addicted.glass,available,72,9%,8,Healthcare,,,
adonic.glass,available,72,2%,6,"Arts,Education,Entertainment",,,
trinity.glass,available,72,18%,7,Religion,,,
lovely.glass,available,72,26%,6,"Entertainment,Fashion,Retail",,,
aching.glass,available,72,4%,6,Healthcare,,,
accusative.glass,available,72,0%,10,"Humanities,Law",,,
improvize.glass,available,72,1%,9,Entertainment,,,
seventieth.glass,available,72,1%,10,Mathematics,,,
ablaze.glass,available,72,6%,6,Entertainment,,,
trey.glass,available,72,14%,4,Sports,,,
adaptative.glass,available,72,1%,10,"Business,Education,Technology",,,
ninetieth.glass,available,72,1%,9,Mathematics,,,
champion.glass,available,72,28%,8,"Entertainment,Health and Fitness,Sports",,,
absorbed.glass,available,72,2%,8,"Entertainment,Media,Technology",,,
adiabatic.glass,available,72,3%,9,"Engineering,Science",,,
absolutist.glass,available,72,1%,10,"Humanities,Law,Politics",,,
liv.glass,available,72,27%,3,Mathematics,,,
accustomed.glass,available,72,1%,10,"Business,Education,Humanities",,,
admired.glass,available,70,5%,7,"Business,Education,Healthcare",,,
gymnastic.glass,available,70,3%,9,"Entertainment,Sports",,,
abradant.glass,available,70,1%,8,"Construction,Manufacturing",,,
tiptop.glass,available,70,24%,6,Fashion,,,
practiced.glass,available,70,3%,9,"Education,Health and Fitness,Sports",,,
offhand.glass,available,70,2%,7,Entertainment,,,
consequent.glass,available,70,3%,10,"Business,Education,General,Technology",,,
absorbing.glass,available,70,3%,9,"Entertainment,Media,Technology",,,
adored.glass,available,70,6%,6,"Entertainment,Fashion,Retail",,,
lowdown.glass,available,70,6%,8,"Entertainment,Media",,,
skillful.glass,available,70,9%,8,"Education,Health and Fitness,Sports",,,
adjusted.glass,available,70,5%,8,"Manufacturing,Retail,Technology",,,
recumbent.glass,available,70,2%,9,"Healthcare,Medicine,Science",,,
miserable.glass,available,70,4%,9,Humanities,,,
abulic.glass,available,70,1%,6,Medicine,,,
accumbent.glass,available,70,1%,9,"Healthcare,Medicine,Science",,,
stillborn.glass,available,70,2%,9,"Medicine,Science",,,
acuminate.glass,available,70,1%,9,"Engineering,Medicine,Science",,,
adamantine.glass,available,70,4%,10,Religion,,,
achaean.glass,available,68,2%,7,Humanities,,,
licenced.glass,available,68,2%,8,"Business,Healthcare,Insurance",,,
ennead.glass,available,68,5%,6,Mathematics,,,
decorated.glass,available,68,3%,9,"Entertainment,Fashion,Retail",,,
aberdonian.glass,available,68,1%,10,Geography,,,
sevener.glass,available,68,1%,7,Mathematics,,,
thirtieth.glass,available,68,1%,9,Mathematics,,,
fortieth.glass,available,68,0%,8,Mathematics,,,
achaian.glass,available,68,2%,7,Humanities,,,
licensed.glass,available,68,5%,8,"Business,Healthcare,Insurance",,,
abkhas.glass,available,68,0%,6,Geography,,,
vindicated.glass,available,68,2%,10,"Humanities,Law,Politics",,,
ablative.glass,available,68,3%,8,Science,,,
accredited.glass,available,68,9%,10,"Business,Education,Healthcare",,,
foursome.glass,available,68,4%,8,Sports,,,
threesome.glass,available,68,5%,9,Entertainment,,,
aroused.glass,available,68,3%,7,"Entertainment,Health and Fitness",,,
fiftieth.glass,available,68,0%,8,Mathematics,,,
abducent.glass,available,68,0%,8,Medicine,,,
acerate.glass,available,68,1%,7,Science,,,
ane.glass,available,68,12%,3,Mathematics,,,
aculeate.glass,available,68,1%,8,"Engineering,Medicine,Science",,,
activating.glass,available,68,3%,10,"Healthcare,Manufacturing,Technology",,,
disciple.glass,available,68,14%,8,"Education,Religion",,,
septenary.glass,available,68,1%,9,Mathematics,,,
octonary.glass,available,68,1%,8,Mathematics,,,
overseas.glass,available,68,12%,8,"Hospitality,Travel",,,
scurvy.glass,available,68,3%,6,Humanities,,,
stygian.glass,available,68,5%,7,Humanities,,,
abnaki.glass,available,68,1%,6,Geography,,,
latest.glass,available,66,18%,6,Technology,,,
teenager.glass,available,66,4%,8,"Education,Entertainment,Healthcare",,,
clv.glass,available,66,10%,3,Mathematics,,,
xxii.glass,available,66,6%,4,Mathematics,,,
xvi.glass,available,66,5%,3,Mathematics,,,
six.glass,available,66,26%,3,Mathematics,,,
modish.glass,available,66,5%,6,Fashion,,,
acervate.glass,available,66,1%,8,Science,,,
according.glass,available,66,3%,9,"Business,Education,Technology",,,
accessary.glass,available,66,1%,9,"Business,Law,Technology",,,
xviii.glass,available,66,5%,5,Mathematics,,,
eighty.glass,available,66,6%,6,Mathematics,,,
onec.glass,available,66,6%,5,Mathematics,,,
acappella.glass,available,66,6%,10,Entertainment,,,
tenner.glass,available,66,5%,6,Finance,,,
five.glass,available,66,26%,4,Mathematics,,,
acrobatic.glass,available,66,4%,9,"Entertainment,Sports",,,
adorned.glass,available,66,5%,7,"Entertainment,Fashion,Retail",,,
xxvi.glass,available,66,3%,4,Mathematics,,,
xii.glass,available,66,10%,3,Mathematics,,,
exonerated.glass,available,66,2%,10,"Humanities,Law,Politics",,,
fifty.glass,available,66,12%,5,Mathematics,,,
ninety.glass,available,66,11%,6,Mathematics,,,
performing.glass,available,66,6%,10,Entertainment,,,
abstinent.glass,available,66,1%,9,"Health and Fitness,Religion",,,
xxv.glass,available,66,6%,3,Mathematics,,,
thirty.glass,available,66,8%,6,Mathematics,,,
maven.glass,available,66,30%,5,"Entertainment,Fashion,Technology",,,
deuce.glass,available,66,9%,5,Sports,,,
xiii.glass,available,66,9%,4,Mathematics,,,
sextet.glass,available,66,1%,6,Entertainment,,,
buzzing.glass,available,66,7%,7,"Entertainment,Media,Technology",,,
adopted.glass,available,66,4%,7,"Education,Healthcare",,,
xvii.glass,available,66,5%,4,Mathematics,,,
xxi.glass,available,66,10%,3,Mathematics,,,
four.glass,available,66,27%,4,Mathematics,,,
century.glass,available,66,17%,7,Education,,,
absolved.glass,available,64,1%,8,"Humanities,Law,Religion",,,
nondrinker.glass,available,64,1%,10,"Health and Fitness,Religion",,,
accordant.glass,available,64,3%,9,"Arts,Entertainment",,,
scatty.glass,available,64,1%,6,"Arts,Entertainment,Media",,,
acentric.glass,available,64,2%,8,Science,,,
aflame.glass,available,64,3%,6,Entertainment,,,
astringent.glass,available,64,1%,10,"Healthcare,Pharmaceuticals",,,
deviant.glass,available,64,12%,7,"Medicine,Science",,,
rising.glass,available,64,18%,6,"Construction,Manufacturing,Real Estate",,,
adagio.glass,available,64,14%,6,Entertainment,,,
adoptive.glass,available,62,1%,8,"Education,Healthcare",,,
abo.glass,available,62,15%,3,Science,,,
activation.glass,available,62,16%,10,"Healthcare,Manufacturing,Technology",,,
fortyfour.glass,available,62,6%,10,Mathematics,,,
longdozen.glass,available,62,2%,10,Mathematics,,,
nail.glass,available,62,16%,4,"Construction,Fashion,General,Retail",,,
activistic.glass,available,62,1%,10,"Humanities,Politics",,,
roughly.glass,available,62,3%,7,"Business,Media,Technology",,,
twodozen.glass,available,62,1%,9,Mathematics,,,
aufait.glass,available,62,3%,7,"Fashion,Media",,,
orso.glass,available,62,9%,5,"Business,Media,Technology",,,
eleventh.glass,available,62,5%,8,Mathematics,,,
pungent.glass,available,62,1%,7,Food and Beverage,,,
cumulative.glass,available,62,2%,10,"Banking,Finance,Insurance",,,
sixteenth.glass,available,62,1%,9,Mathematics,,,
exculpated.glass,available,62,1%,10,"Humanities,Law,Politics",,,
eighteenth.glass,available,62,1%,10,Mathematics,,,
aborigine.glass,available,62,1%,9,Humanities,,,
accusing.glass,available,62,1%,8,Law,,,
playacting.glass,available,62,1%,10,Entertainment,,,
troika.glass,available,62,8%,6,Politics,,,
chiliad.glass,available,62,2%,7,Mathematics,,,
adjuvant.glass,available,62,5%,8,"Healthcare,Manufacturing,Technology",,,
accrued.glass,available,62,2%,7,"Banking,Finance,Insurance",,,
acidic.glass,available,62,5%,6,"Food and Beverage,Science",,,
wrapped.glass,available,62,13%,7,"Fashion,Hospitality,Retail",,,
quartet.glass,available,62,7%,7,"Arts,Entertainment",,,
ensuant.glass,available,62,1%,7,"Healthcare,Insurance,Transportation",,,
admissible.glass,available,62,1%,10,"Education,Healthcare,Law",,,
cxlv.glass,available,60,2%,4,Mathematics,,,
thou.glass,available,60,7%,4,Mathematics,,,
clxxx.glass,available,60,1%,5,Mathematics,,,
idolized.glass,available,60,3%,8,"Entertainment,Fashion,Retail",,,
cautionary.glass,available,60,1%,10,"Business,Education,Healthcare",,,
cxxx.glass,available,60,4%,4,Mathematics,,,
adnate.glass,available,60,1%,6,"Agriculture,Manufacturing,Retail",,,
clxv.glass,available,60,1%,4,Mathematics,,,
octet.glass,available,60,12%,5,Arts,,,
acceptive.glass,available,60,1%,9,"Education,Healthcare",,,
cxv.glass,available,60,4%,3,Mathematics,,,
cxx.glass,available,60,10%,3,Mathematics,,,
abashed.glass,available,60,1%,7,Humanities,,,
abstainer.glass,available,60,0%,9,"Health and Fitness,Religion",,,
sixty.glass,available,60,13%,5,Mathematics,,,
clx.glass,available,60,10%,3,Mathematics,,,
cxxv.glass,available,60,1%,4,Mathematics,,,
aboveboard.glass,available,60,5%,10,"Business,Law",,,
paunchy.glass,available,60,0%,7,"Health and Fitness,Medicine",,,
eightysix.glass,available,60,7%,10,Mathematics,,,
adnexal.glass,available,60,1%,7,"Agriculture,Manufacturing,Retail",,,
cxl.glass,available,60,7%,3,Mathematics,,,
tertiary.glass,available,60,4%,8,Education,,,
xcl.glass,available,60,5%,3,Mathematics,,,
annexal.glass,available,60,1%,7,"Agriculture,Manufacturing,Retail",,,
idolised.glass,available,60,1%,8,"Entertainment,Fashion,Retail",,,
clxx.glass,available,60,3%,4,Mathematics,,,
clxxv.glass,available,60,1%,5,Mathematics,,,
abstemious.glass,available,60,0%,10,"Food and Beverage,Health and Fitness,Hospitality",,,
cxxxv.glass,available,60,2%,5,Mathematics,,,
tercet.glass,available,59,2%,6,"Arts,Entertainment,Media",,,
super.glass,resell,58,47%,5,Business,18/07/2021 15:55,18/07/2026 15:55,"Sav.com, LLC"
linear.glass,available,58,22%,6,"Engineering,Mathematics,Science",,,
seven.glass,expiring,58,36%,5,Mathematics,06/09/2024 19:27,06/09/2025 19:27,"GMO Internet Group, Inc. d/b/a Onamae.com"
acyclic.glass,available,58,4%,7,"Engineering,Mathematics,Science",,,
abuzz.glass,available,58,5%,5,"Entertainment,Media,Technology",,,
offhanded.glass,available,58,1%,9,Entertainment,,,
sixtyone.glass,available,58,3%,9,Mathematics,,,
adhoc.glass,available,58,24%,6,"Business,Engineering,Technology",,,
abandoned.glass,available,58,10%,9,"Construction,Real Estate",,,
justabout.glass,available,58,3%,10,"Business,Media,Technology",,,
eighter.glass,available,58,2%,7,Mathematics,,,
closeto.glass,available,58,3%,8,"Business,Media,Technology",,,
octad.glass,available,58,5%,5,Mathematics,,,
enwrapped.glass,available,58,0%,9,"Entertainment,Fashion,Media",,,
accoutred.glass,available,58,1%,9,"Fashion,Manufacturing,Retail",,,
addible.glass,available,58,2%,7,"Engineering,Mathematics,Science",,,
adient.glass,available,58,4%,6,"Medicine,Science",,,
heptad.glass,available,58,1%,6,Mathematics,,,
alacarte.glass,available,58,11%,10,Food and Beverage,,,
aucourant.glass,available,58,3%,10,"Fashion,Media",,,
lxxx.glass,available,58,2%,4,Mathematics,,,
cypher.glass,available,58,29%,6,Mathematics,,,
niner.glass,available,58,5%,5,Mathematics,,,
accented.glass,available,58,3%,8,"Arts,Entertainment",,,
twelfth.glass,available,58,2%,7,Mathematics,,,
actuarial.glass,available,58,8%,9,"Finance,Insurance,Mathematics",,,
abused.glass,available,58,5%,6,"Healthcare,Law",,,
fourth.glass,available,58,13%,6,Mathematics,,,
fourscore.glass,available,58,4%,9,Mathematics,,,
sextuplet.glass,available,58,1%,9,Healthcare,,,
tetrad.glass,available,58,5%,6,Mathematics,,,
sixer.glass,available,58,5%,5,Sports,,,
fifth.glass,available,58,12%,5,Mathematics,,,
abridged.glass,available,58,4%,8,Media,,,
hexad.glass,available,58,4%,5,Mathematics,,,
adjustive.glass,available,58,1%,9,"Manufacturing,Retail,Technology",,,
quintet.glass,available,58,8%,7,"Arts,Entertainment",,,
centesimal.glass,available,58,1%,10,Mathematics,,,
pentad.glass,available,58,2%,6,Mathematics,,,
addressed.glass,available,58,3%,9,"Business,Technology,Telecommunications",,,
accretive.glass,available,58,6%,9,"Banking,Finance,Insurance",,,
seventy.glass,available,58,7%,7,Mathematics,,,
acetic.glass,available,58,1%,6,"Food and Beverage,Science",,,
lxxviii.glass,available,58,1%,7,Mathematics,,,
ache.glass,available,58,7%,4,Healthcare,,,
lii.glass,available,56,7%,3,Mathematics,,,
abdominous.glass,available,56,0%,10,"Health and Fitness,Medicine",,,
xxxiii.glass,available,56,2%,6,Mathematics,,,
xliii.glass,available,56,1%,5,Mathematics,,,
xli.glass,available,56,5%,3,Mathematics,,,
ilx.glass,available,56,5%,3,Mathematics,,,
fortynine.glass,available,56,3%,10,Mathematics,,,
xxxv.glass,available,56,4%,4,Mathematics,,,
xlvi.glass,available,56,3%,4,Mathematics,,,
xxiii.glass,available,56,5%,5,Mathematics,,,
potbellied.glass,available,56,0%,10,"Health and Fitness,Medicine",,,
thirtysix.glass,available,56,5%,10,Mathematics,,,
fortysix.glass,available,56,3%,9,Mathematics,,,
appressed.glass,available,56,0%,9,"Agriculture,Manufacturing,Retail",,,
accoutered.glass,available,56,0%,10,"Fashion,Manufacturing,Retail",,,
xxxviii.glass,available,56,1%,7,Mathematics,,,
thirtytwo.glass,available,56,5%,10,Mathematics,,,
fiftyfive.glass,available,56,7%,10,Mathematics,,,
xliv.glass,available,56,2%,4,Mathematics,,,
fiftynine.glass,available,56,4%,10,Mathematics,,,
addled.glass,available,56,2%,6,Entertainment,,,
fiftyfour.glass,available,56,3%,10,Mathematics,,,
fortyone.glass,available,56,4%,9,Mathematics,,,
abeyant.glass,available,56,1%,7,"Business,Law",,,
xxiv.glass,available,56,5%,4,Mathematics,,,
fiftysix.glass,available,56,4%,9,Mathematics,,,
xlv.glass,available,56,6%,3,Mathematics,,,
thirtyone.glass,available,56,5%,10,Mathematics,,,
fiftyone.glass,available,56,7%,9,Mathematics,,,
xxxi.glass,available,56,9%,4,Mathematics,,,
admittable.glass,available,56,1%,10,"Education,Healthcare,Hospitality",,,
xxxii.glass,available,56,1%,5,Mathematics,,,
xlvii.glass,available,56,2%,5,Mathematics,,,
xlii.glass,available,56,5%,4,Mathematics,,,
liii.glass,available,56,4%,4,Mathematics,,,
admittible.glass,available,56,1%,10,"Education,Healthcare,Hospitality",,,
xxvii.glass,available,56,3%,5,Mathematics,,,
halfdozen.glass,available,56,1%,10,Mathematics,,,
triad.glass,available,56,15%,5,Arts,,,
xlviii.glass,available,56,1%,6,Mathematics,,,
xxix.glass,available,56,4%,4,Mathematics,,,
xxxvii.glass,available,56,2%,6,Mathematics,,,
lvii.glass,available,56,1%,4,Mathematics,,,
fortytwo.glass,available,56,17%,9,Mathematics,,,
lvi.glass,available,56,8%,3,Mathematics,,,
fiftytwo.glass,available,56,6%,9,Mathematics,,,
terzetto.glass,available,56,3%,8,Arts,,,
xxxvi.glass,available,56,1%,5,Mathematics,,,
xxxiv.glass,available,56,1%,5,Mathematics,,,
xxviii.glass,available,56,1%,6,Mathematics,,,
maledict.glass,available,56,1%,8,Religion,,,
aone.glass,available,56,15%,5,Food and Beverage,,,
lviii.glass,available,56,1%,5,Mathematics,,,
admissive.glass,available,56,1%,9,"Education,Healthcare,Hospitality",,,
unnatural.glass,available,54,4%,9,"Medicine,Science",,,
admonitory.glass,available,54,0%,10,"Business,Education,Healthcare",,,
quatern.glass,available,54,2%,7,Mathematics,,,
achromatic.glass,available,54,4%,10,Science,,,
scratchy.glass,available,54,3%,8,Fashion,,,
adjuratory.glass,available,54,0%,10,"Law,Politics,Religion",,,
abient.glass,available,54,1%,6,Science,,,
topnotch.glass,expiring,54,18%,8,Business,29/08/2019 18:32,29/08/2025 18:32,IONOS SE
adducting.glass,available,54,1%,9,"Engineering,Mathematics,Science",,,
accursed.glass,available,54,3%,8,"Entertainment,Media,Religion",,,
quadruplet.glass,available,54,1%,10,"Healthcare,Medicine,Science",,,
ternion.glass,available,54,3%,7,Mathematics,,,
quaternion.glass,available,54,6%,10,Mathematics,,,
monitory.glass,available,54,3%,8,"Business,Education,Healthcare",,,
fortyfive.glass,available,54,4%,10,Mathematics,,,
vii.glass,available,54,13%,3,Mathematics,,,
quaternity.glass,available,54,4%,10,Mathematics,,,
achy.glass,available,54,3%,4,Healthcare,,,
aboral.glass,available,54,2%,6,Science,,,
accentual.glass,available,54,3%,9,"Arts,Entertainment",,,
quintuplet.glass,available,54,1%,10,"Healthcare,Medicine,Science",,,
iii.glass,available,54,24%,3,Mathematics,,,
sise.glass,available,54,5%,4,Mathematics,,,
threescore.glass,available,54,1%,10,Mathematics,,,
viii.glass,available,54,6%,4,Mathematics,,,
abaxial.glass,available,54,1%,7,Science,,,
deserted.glass,available,54,3%,8,"Hospitality,Real Estate",,,
deuceace.glass,available,54,2%,9,Sports,,,
abatable.glass,available,54,1%,8,Law,,,
adaxial.glass,available,54,2%,7,Science,,,
twoscore.glass,available,54,2%,8,Mathematics,,,
adductive.glass,available,54,0%,9,"Engineering,Mathematics,Science",,,
abducens.glass,available,54,1%,8,Medicine,,,
actuated.glass,available,54,2%,8,"Automotive,Manufacturing,Technology",,,
abhorrent.glass,available,54,1%,9,Humanities,,,
adpressed.glass,available,54,0%,9,"Agriculture,Manufacturing,Retail",,,
acoustical.glass,available,54,4%,10,Science,,,
abatic.glass,available,54,1%,6,Science,,,
abasic.glass,available,54,1%,6,Science,,,
adducent.glass,available,54,1%,8,"Engineering,Mathematics,Science",,,
sestet.glass,available,53,1%,6,Arts,,,
septet.glass,available,53,1%,6,General,,,
xxx.glass,available,53,30%,3,"Arts,Entertainment,Media",,,
ninetytwo.glass,available,52,4%,10,Mathematics,,,
lxxxvi.glass,available,52,1%,6,Mathematics,,,
lxii.glass,available,52,1%,4,Mathematics,,,
xcviii.glass,available,52,1%,6,Mathematics,,,
lxxxvii.glass,available,52,1%,7,Mathematics,,,
lxxiv.glass,available,52,1%,5,Mathematics,,,
ixl.glass,available,52,9%,3,Mathematics,,,
repulsive.glass,available,52,1%,9,Humanities,,,
sixtysix.glass,available,52,4%,9,Mathematics,,,
odious.glass,available,52,2%,6,"Entertainment,Humanities",,,
ablated.glass,available,52,1%,7,Science,,,
tierce.glass,available,52,3%,6,General,,,
sixtyfour.glass,available,52,3%,10,Mathematics,,,
lxiv.glass,available,52,3%,4,Mathematics,,,
sixtytwo.glass,available,52,3%,9,Mathematics,,,
lxxvii.glass,available,52,2%,6,Mathematics,,,
lxxxv.glass,available,52,1%,5,Mathematics,,,
lxviii.glass,available,52,1%,6,Mathematics,,,
lxvi.glass,available,52,3%,4,Mathematics,,,
abysmal.glass,available,52,4%,7,"Arts,Entertainment,Media",,,
xci.glass,available,52,4%,3,Mathematics,,,
lxxxiii.glass,available,52,1%,7,Mathematics,,,
decumbent.glass,available,52,1%,9,"Healthcare,Medicine,Science",,,
lxxxii.glass,available,52,1%,6,Mathematics,,,
ixc.glass,available,52,5%,3,Mathematics,,,
lxxii.glass,available,52,1%,5,Mathematics,,,
adenoidal.glass,available,52,1%,9,"Health and Fitness,Medicine,Science",,,
chagrined.glass,available,52,1%,9,Humanities,,,
littlejoe.glass,available,52,2%,10,"Entertainment,Media",,,
detestable.glass,available,52,1%,10,Humanities,,,
lxxxi.glass,available,52,1%,5,Mathematics,,,
ninetysix.glass,available,52,4%,10,Mathematics,,,
repugnant.glass,available,52,1%,9,Humanities,,,
eightyone.glass,available,52,3%,10,Mathematics,,,
xcvi.glass,available,52,2%,4,Mathematics,,,
lxxxiv.glass,available,52,1%,6,Mathematics,,,
ninetyone.glass,available,52,5%,10,Mathematics,,,
lxxv.glass,available,52,1%,4,Mathematics,,,
uphill.glass,available,52,7%,6,"Sports,Transportation,Travel",,,
lxxi.glass,available,52,1%,4,Mathematics,,,
sixtyfive.glass,available,52,3%,10,Mathematics,,,
xcii.glass,available,52,2%,4,Mathematics,,,
lxiii.glass,available,52,2%,5,Mathematics,,,
lxv.glass,available,52,5%,3,Mathematics,,,
lxxvi.glass,available,52,1%,5,Mathematics,,,
xciii.glass,available,52,1%,5,Mathematics,,,
eightytwo.glass,available,52,4%,10,Mathematics,,,
abusive.glass,available,52,3%,7,"Healthcare,Law",,,
xcvii.glass,available,52,1%,5,Mathematics,,,
aboulic.glass,available,52,1%,7,Medicine,,,
xcv.glass,available,52,7%,3,Mathematics,,,
abstruse.glass,available,52,5%,8,"Humanities,Mathematics,Science",,,
lxi.glass,available,52,5%,3,Mathematics,,,
abominable.glass,available,52,2%,10,"Entertainment,Humanities",,,
lxvii.glass,available,52,1%,5,Mathematics,,,
lxxiii.glass,available,52,1%,6,Mathematics,,,
xciv.glass,available,52,2%,4,Mathematics,,,
acaudal.glass,available,50,1%,7,"Agriculture,Science",,,
trine.glass,available,50,11%,5,"General,Religion",,,
abranchial.glass,available,50,0%,10,Science,,,
acetose.glass,available,50,1%,7,Science,,,
aculeated.glass,available,50,0%,9,"Engineering,Medicine,Science",,,
quint.glass,available,50,13%,5,"Arts,Entertainment",,,
acerb.glass,available,50,2%,5,Science,,,
gillless.glass,available,50,0%,9,Science,,,
adactylous.glass,available,50,0%,10,Science,,,
acerbic.glass,available,50,2%,7,"Arts,Humanities,Media",,,
abactinal.glass,available,50,0%,9,Science,,,
acapnic.glass,available,50,0%,7,"Healthcare,Medicine,Science",,,
spinous.glass,available,50,1%,7,"Agriculture,Science",,,
cinque.glass,available,50,7%,6,Mathematics,,,
acquitted.glass,available,50,1%,9,Law,,,
scummy.glass,available,50,1%,6,Humanities,,,
vinegary.glass,available,50,1%,8,Food and Beverage,,,
lxx.glass,available,50,5%,3,Mathematics,,,
adhominem.glass,available,50,2%,10,"Humanities,Law,Politics",,,
needlelike.glass,available,50,0%,10,"Engineering,Medicine,Science",,,
abdicable.glass,available,50,0%,9,Law,,,
broached.glass,available,50,0%,8,Food and Beverage,,,
triplet.glass,available,50,8%,7,Science,,,
aborticide.glass,available,50,0%,10,Medicine,,,
acellular.glass,available,50,1%,9,Science,,,
acetous.glass,available,50,1%,7,Science,,,
abbatial.glass,available,50,0%,8,Religion,,,
abducting.glass,available,50,0%,9,Medicine,,,
acerose.glass,available,50,1%,7,Science,,,
abomasal.glass,available,50,0%,8,Agriculture,,,
ogdoad.glass,available,50,1%,6,Mathematics,,,
acapnotic.glass,available,50,0%,9,"Healthcare,Medicine,Science",,,
abyssal.glass,available,48,12%,7,"Arts,Entertainment,Media",,,
ilxx.glass,available,48,1%,4,Mathematics,,,
execrable.glass,available,48,0%,9,"Entertainment,Humanities",,,
notguilty.glass,available,48,5%,10,Law,,,
ilxxx.glass,available,48,1%,5,Mathematics,,,
lxxxviii.glass,available,48,1%,8,Mathematics,,,
apriori.glass,available,48,13%,8,Mathematics,,,
abstracted.glass,available,48,5%,10,"Arts,Humanities,Science",,,
stripling.glass,available,46,2%,9,"Education,Entertainment,Healthcare",,,
acapnial.glass,available,46,0%,8,"Healthcare,Medicine,Science",,,
quaternary.glass,available,46,3%,10,Mathematics,,,
theabsurd.glass,available,46,1%,10,"Arts,Entertainment,Media",,,
acarpous.glass,available,46,0%,8,"Agriculture,Science",,,
acanthous.glass,available,46,0%,9,"Agriculture,Science",,,
acephalous.glass,available,46,1%,10,Science,,,
achromous.glass,available,46,1%,9,Science,,,
vinegarish.glass,available,46,1%,10,Food and Beverage,,,
achenial.glass,available,46,1%,8,Science,,,
cotyloid.glass,available,46,1%,8,Science,,,
acetabular.glass,available,46,1%,10,Science,,,
stemless.glass,available,46,2%,8,"Agriculture,Science",,,
acetonic.glass,available,46,1%,8,Science,,,
acanthoid.glass,available,46,1%,9,"Agriculture,Science",,,
acetylic.glass,available,46,1%,8,Science,,,
acarpelous.glass,available,46,0%,10,"Agriculture,Science",,,
acetylenic.glass,available,46,1%,10,Science,,,
acicular.glass,available,46,2%,8,Science,,,
achromic.glass,available,46,2%,8,Science,,,
acanthotic.glass,available,46,0%,10,"Agriculture,Science",,,
acaudate.glass,available,46,1%,8,"Agriculture,Science",,,
acheronian.glass,available,46,1%,10,Humanities,,,
cotyloidal.glass,available,44,1%,10,Science,,,
accusatory.glass,available,44,1%,10,Law,,,
acherontic.glass,available,44,1%,10,Humanities,,,
abscessed.glass,available,41,0%,9,Healthcare,,,
phoebe.glass,available,41,14%,6,Science,,,
accurst.glass,available,40,1%,7,Religion,,,
accusive.glass,available,40,1%,8,Law,,,
scurrilous.glass,available,40,1%,10,"Entertainment,Media,Politics",,,